日期,影片,上映信息,总票房,当日综合票房,票房占比,排片场次,排片占比,场均人次,上座率
2024-06-29,云边有个小卖部,上映8天,3.26亿,4068.99万,28.0%,115790,25.5%,8.7,6.6%
2024-06-29,海关战线,上映2天,5323.0万,2819.46万,19.4%,96835,21.3%,6.7,4.5%
2024-06-29,寂静之地：入侵日,上映2天,4988.5万,2806.56万,19.3%,86087,18.9%,8.1,6.6%
2024-06-29,头脑特工队2,上映9天,1.49亿,2631.88万,18.1%,51596,11.3%,12.4,10.8%
2024-06-29,来福大酒店,上映2天,3680.9万,631.92万,4.3%,37471,8.2%,4.1,4.4%
2024-06-29,排球少年!! 垃圾场决战,上映15天,1.15亿,294.38万,2.0%,13883,3.0%,5.5,5.4%
2024-06-29,加菲猫家族,上映29天,1.72亿,238.45万,1.6%,9653,2.1%,6.8,7.1%
2024-06-29,我才不要和你做朋友呢,上映22天,1.97亿,198.21万,1.3%,10017,2.2%,4.9,5.3%
2024-06-29,绝地战警：生死与共,上映8天,3397.4万,100.68万,0.6%,5718,1.2%,4.2,4.5%
2024-06-29,沙漏,上映9天,2699.3万,58.08万,0.4%,4373,0.9%,3.8,4.5%
2024-06-29,扫黑·决不放弃,上映22天,1.90亿,53.07万,0.3%,3814,0.8%,3.6,4.7%
2024-06-29,谈判专家,上映22天,1.54亿,50.45万,0.3%,2172,0.4%,5.4,6.5%
2024-06-29,疯狂的麦克斯：狂暴女神,上映23天,5865.0万,45.20万,0.3%,1139,0.2%,8.8,7.9%
2024-06-29,白蛇：缘起,,4.69亿,44.83万,0.3%,2762,0.6%,4.5,4.4%
2024-06-29,走走停停,上映22天,1.01亿,36.37万,0.2%,1585,0.3%,5.6,7.0%
2024-06-29,哆啦A梦：大雄的地球交响乐,上映30天,1.29亿,34.38万,0.2%,1814,0.3%,5.2,5.7%
2024-06-29,泳者之心,上映30天,534.5万,31.14万,0.2%,358,<0.1%,19.3,20.9%
2024-06-29,机器人之梦,上映22天,964.3万,30.40万,0.2%,737,0.1%,9.7,10.7%
2024-06-29,再会长江,上映37天,795.8万,25.96万,0.1%,86,<0.1%,63.9,66.3%
2024-06-29,狗阵,上映15天,3201.7万,20.97万,0.1%,977,0.2%,4.9,6.7%
2024-06-29,潜艇总动员：寻龙,上映29天,3212.0万,16.95万,0.1%,452,<0.1%,9.7,10.5%
2024-06-29,周立波回清溪,上映46天,821.3万,16.00万,0.1%,36,<0.1%,103.5,69.1%
2024-06-29,我要当老师,上映73天,1181.2万,12.72万,<0.1%,67,<0.1%,60.5,52.6%
2024-06-29,九龙城寨之围城,重映60天,6.84亿,10.41万,<0.1%,445,<0.1%,5.6,6.7%
2024-06-29,猪猪侠大电影·星际行动,上映60天,5463.4万,9.20万,<0.1%,885,0.1%,2.9,3.2%
2024-06-29,唤醒者,上映9天,152.3万,8.54万,<0.1%,203,<0.1%,12.1,14.0%
2024-06-29,永不消逝的电波（舞台纪录电影·舞剧）,上映12天,94.8万,8.20万,<0.1%,341,<0.1%,4.9,5.7%
2024-06-29,功夫熊猫4,上映100天,3.73亿,8.16万,<0.1%,310,<0.1%,6.8,7.8%
2024-06-29,我，就是风!,上映33天,509.5万,7.25万,<0.1%,47,<0.1%,40.5,6.0%
2024-06-29,间谍过家家 代号：白,上映61天,2.92亿,6.50万,<0.1%,312,<0.1%,5.6,6.1%
2024-06-29,哈尔的移动城堡,上映61天,1.67亿,4.78万,<0.1%,207,<0.1%,5.9,7.0%
2024-06-29,八百矿工上井冈,,1087.7万,4.73万,<0.1%,18,<0.1%,98.4,32.2%
2024-06-29,维和防暴队,上映60天,5.11亿,4.72万,<0.1%,66,<0.1%,17.9,16.4%
2024-06-29,惊心妒怨,上映9天,65.3万,4.22万,<0.1%,603,0.1%,2.2,2.4%
2024-06-29,她的小梨涡,展映,15.2万,3.37万,<0.1%,431,<0.1%,1.9,2.0%
2024-06-29,爸爸是外星人,上映15天,496.5万,3.36万,<0.1%,306,<0.1%,3.3,1.3%
2024-06-29,苍穹,展映,2403.3万,3.32万,<0.1%,5,<0.1%,166.0,--
2024-06-29,你想活出怎样的人生,上映88天,7.91亿,2.49万,<0.1%,98,<0.1%,6.5,7.5%
2024-06-29,美国内战,上映23天,2318.2万,2.33万,<0.1%,128,<0.1%,3.9,4.6%
2024-06-29,寻秘自然：地球往事,点映,102.9万,2.25万,<0.1%,8,<0.1%,87.8,72.5%
2024-06-29,富贵东西,上映46天,26.0万,2.20万,<0.1%,10,<0.1%,63.6,--
2024-06-29,陌路惊魂,上映16天,120.9万,2.16万,<0.1%,372,<0.1%,1.8,1.8%
2024-06-29,朱同在三年级丢失了超能力,上映36天,1491.6万,2.07万,<0.1%,73,<0.1%,5.3,4.8%
2024-06-29,日夜江河,上映23天,105.0万,1.99万,<0.1%,12,<0.1%,53.5,52.5%
2024-06-29,哥斯拉大战金刚2：帝国崛起,上映93天,9.56亿,1.85万,<0.1%,101,<0.1%,4.8,5.6%
2024-06-29,猩球崛起：新世界,上映51天,2.09亿,1.83万,<0.1%,129,<0.1%,3.6,4.1%
2024-06-29,我没有失踪,上映首日,3.0万,1.77万,<0.1%,155,<0.1%,3.1,2.5%
2024-06-29,末路狂花钱,上映60天,7.81亿,1.66万,<0.1%,185,<0.1%,2.7,1.9%
2024-06-29,爱在陇南,上映73天,61.7万,1.54万,<0.1%,25,<0.1%,17.0,--
2024-06-29,金腰带,,15.4万,1.51万,<0.1%,3,<0.1%,168.7,--
2024-06-29,寻秘自然：无形之力,点映,53.1万,1.48万,<0.1%,5,<0.1%,89.2,47.6%
2024-06-29,坂本龙一：杰作,上映30天,475.7万,1.39万,<0.1%,66,<0.1%,4.6,5.0%
2024-06-29,李夏·在路上,,78.3万,1.31万,<0.1%,14,<0.1%,19.0,22.4%
2024-06-29,北极荒原,展映,81.9万,1.04万,<0.1%,1,<0.1%,243.0,76.1%
2024-06-29,小园林,上映3天,2.5万,0.99万,<0.1%,40,<0.1%,8.1,5.9%
2024-06-29,超级的我,,1185.3万,0.97万,<0.1%,8,<0.1%,31.4,--
2024-06-29,加拉帕戈斯：自然的仙境,展映,7.6万,0.95万,<0.1%,1,<0.1%,221.0,69.4%
2024-06-29,同学们,上映8天,5.0万,0.87万,<0.1%,7,<0.1%,32.6,15.5%
2024-06-29,传说,点映,3.9万,0.85万,<0.1%,2,<0.1%,131.0,54.1%
2024-06-29,阿莫阿依,,1239.7万,0.76万,<0.1%,7,<0.1%,43.9,50.9%
2024-06-29,黄埔军人,,19.8万,0.76万,<0.1%,12,<0.1%,23.5,29.8%
2024-06-29,父亲在远方,上映41天,13.7万,0.72万,<0.1%,12,<0.1%,17.3,11.9%
2024-06-29,康熙与路易十四,上映38天,155.6万,0.72万,<0.1%,13,<0.1%,17.8,11.0%
2024-06-29,江海儿女,上映2天,8.1万,0.71万,<0.1%,16,<0.1%,13.5,8.3%
2024-06-29,绝地重生,,1072.8万,0.69万,<0.1%,10,<0.1%,20.4,5.0%
2024-06-29,生命底色,,56.9万,0.67万,<0.1%,4,<0.1%,33.5,--
2024-06-29,探寻外太空生命,展映,11.4万,0.66万,<0.1%,1,<0.1%,155.0,46.1%
2024-06-29,六号银像,上映37天,31.6万,0.63万,<0.1%,7,<0.1%,29.7,21.1%
2024-06-29,今夜，就算这份爱恋从世界上消失,上映43天,1788.3万,0.58万,<0.1%,38,<0.1%,4.3,5.5%
2024-06-29,巧克力和酥油花,点映,1.6万,0.50万,<0.1%,2,<0.1%,100.0,66.6%
2024-06-29,乘船而去,上映79天,157.4万,0.45万,<0.1%,1,<0.1%,90.0,--
2024-06-29,谁持彩练当空舞,,594.8万,0.41万,<0.1%,4,<0.1%,27.0,--
2024-06-29,宇宙探索编辑部,,6715.0万,0.34万,<0.1%,13,<0.1%,12.2,32.5%
2024-06-29,汉文皇后（戏曲 越剧）,,75.5万,0.32万,<0.1%,3,<0.1%,35.7,23.8%
2024-06-29,堡垒,上映100天,231.8万,0.31万,<0.1%,3,<0.1%,42.0,46.6%
2024-06-29,替身纸人2,上映43天,387.5万,0.29万,<0.1%,51,<0.1%,1.7,1.8%
2024-06-29,最后的，最初的,上映40天,147.5万,0.21万,<0.1%,2,<0.1%,36.5,--
2024-06-29,神秘友友,上映15天,204.7万,0.20万,<0.1%,53,<0.1%,1.2,0.4%
2024-06-29,你是我的英雄,上映41天,1093.2万,0.15万,<0.1%,71,<0.1%,0.7,0.0%
2024-06-29,幸福慢车,上映82天,1177.4万,0.15万,<0.1%,1,<0.1%,43.0,36.4%
2024-06-29,黑暗森林,上映9天,3.0万,0.13万,<0.1%,9,<0.1%,4.3,7.0%
2024-06-29,蚂蚁传奇之烈火重生,上映首日,1395,0.13万,<0.1%,61,<0.1%,0.7,0.7%
2024-06-29,红猪,,2322.9万,0.10万,<0.1%,3,<0.1%,14.7,8.0%
2024-06-29,雪豹,上映88天,846.8万,0.10万,<0.1%,11,<0.1%,2.5,5.3%
2024-06-29,天空之城,,1.35亿,0.10万,<0.1%,3,<0.1%,13.3,--
2024-06-29,冰下的鱼,上映38天,26.7万,0.09万,<0.1%,1,<0.1%,39.0,28.1%
2024-06-29,金剑行动,上映43天,9433,0.09万,<0.1%,1,<0.1%,30.0,--
2024-06-29,小美人鱼之大海怪传说,,710.4万,0.08万,<0.1%,38,<0.1%,0.8,0.8%
2024-06-29,寂静之地,,2.20亿,0.08万,<0.1%,18,<0.1%,1.3,1.6%
2024-06-29,熊出没·逆转时空,,19.84亿,0.06万,<0.1%,15,<0.1%,1.2,4.3%
2024-06-29,单声,,143.2万,0.06万,<0.1%,1,<0.1%,20.0,13.8%
2024-06-29,长征一家人,上映10天,5.4万,0.05万,<0.1%,1,<0.1%,19.0,--
2024-06-29,彷徨之刃,上映44天,8964.5万,0.04万,<0.1%,25,<0.1%,0.4,0.8%
2024-06-29,流浪地球,,46.87亿,0.04万,<0.1%,8,<0.1%,2.3,--
2024-06-29,来日皆方长,上映15天,26.6万,0.04万,<0.1%,36,<0.1%,0.3,0.3%
2024-06-29,头脑特工队,,9706.3万,0.04万,<0.1%,13,<0.1%,0.8,1.4%
2024-06-29,寂静之地2,,2.49亿,0.03万,<0.1%,18,<0.1%,0.6,0.4%
2024-06-29,午夜怪谈,上映87天,321.5万,0.03万,<0.1%,4,<0.1%,2.5,5.2%
2024-06-29,魔幻奇缘之宝石公主,,810.6万,0.03万,<0.1%,9,<0.1%,1.7,1.2%
2024-06-29,万里归途,,15.93亿,0.02万,<0.1%,4,<0.1%,2.3,--
2024-06-29,关于我和回忆、未来的那些事,上映8天,5256,0.02万,<0.1%,10,<0.1%,0.6,0.3%
2024-06-29,潜艇总动员：环游地球80天,,5261.5万,0.02万,<0.1%,6,<0.1%,0.8,1.7%
2024-06-29,我们是第一书记,,345.2万,0.02万,<0.1%,1,<0.1%,8.0,--
2024-06-29,六谷儿,上映33天,2.1万,0.01万,<0.1%,1,<0.1%,8.0,1.4%
2024-06-29,朝云暮雨,上映44天,1881.3万,0.01万,<0.1%,3,<0.1%,0.7,2.8%
2024-06-29,白蛇2：青蛇劫起,,5.80亿,0.01万,<0.1%,3,<0.1%,0.7,2.6%
2024-06-29,悬崖下72小时,,30.0万,0.01万,<0.1%,2,<0.1%,1.5,2.0%
2024-06-29,穿过月亮的旅行,上映60天,4583.7万,0.00万,<0.1%,6,<0.1%,0.5,0.7%
2024-06-29,小行星猎人,,237.1万,0.00万,<0.1%,1,<0.1%,2.0,5.2%
2024-06-29,奇异世界历险记,,502.1万,0.00万,<0.1%,16,<0.1%,21.0,--
2024-06-29,乜代宗师,上映30天,79.9万,0.00万,<0.1%,6,<0.1%,0.2,0.2%
2024-06-29,新灰姑娘2,,3161.4万,0.00万,<0.1%,2,<0.1%,0.5,0.1%
2024-06-29,哪吒之决战龙神,,7.9万,0.00万,<0.1%,3,<0.1%,0.3,--
2024-06-29,藏地生死恋,上映22天,5825,0.00万,<0.1%,1,<0.1%,1.0,--
2024-06-29,潜艇总动员5：时光宝盒,,4705.7万,0.00万,<0.1%,6,<0.1%,0.2,--
2024-06-29,潜艇总动员：地心游记,,2526.9万,0万,<0.1%,2,<0.1%,0.0,--
2024-06-29,再见土拨鼠,上映72天,568.4万,0万,<0.1%,1,<0.1%,0.0,--
2024-06-29,疯狂丑小鸭2靠谱英雄,,1002.3万,0万,<0.1%,1,<0.1%,0.0,--
2024-06-29,探探猫人鱼公主,,564.1万,0万,<0.1%,4,<0.1%,0.0,--
2024-06-29,哥斯拉2：怪兽之王,,9.37亿,0万,<0.1%,1,<0.1%,0.0,--
2024-06-29,钢铁飞龙之奥特曼崛起,,4465.4万,0万,<0.1%,2,<0.1%,0.0,--
2024-06-29,守岛人,,1.38亿,0万,<0.1%,1,<0.1%,0.0,--
2024-06-29,疯狂原始人2,,3.53亿,0万,<0.1%,2,<0.1%,0.0,--
2024-06-29,疯狂梦幻城,,521.6万,0万,<0.1%,1,<0.1%,0.0,--
2024-06-29,阿里巴巴与神灯,,2223.4万,0万,<0.1%,2,<0.1%,0.0,--
2024-06-29,巧虎奇幻舞台历险记,,648.4万,0万,<0.1%,4,<0.1%,0.0,--
2024-06-29,太阳升起的时刻,,1246.0万,0万,<0.1%,1,<0.1%,0.0,--
2024-06-29,你就在我身边,上映44天,305.9万,0万,<0.1%,2,<0.1%,0.0,--
2024-06-29,我是霸王龙,,3542.3万,0万,<0.1%,2,<0.1%,0.0,--
2024-06-29,不能错过的只有你,,4688.8万,0万,<0.1%,3,<0.1%,0.0,--
2024-06-29,数码宝贝02：最初的召唤,上映71天,1326.6万,0万,<0.1%,1,<0.1%,0.0,--
2024-06-29,长安三万里,,18.24亿,0万,<0.1%,2,<0.1%,0.0,--
2024-06-29,一山之隔,,202.6万,0万,<0.1%,1,<0.1%,0.0,--
2024-06-29,睿王与庄妃,上映44天,2.0万,0万,<0.1%,1,<0.1%,0.0,--
2024-06-29,超级飞侠：乐迪加速,,7075.7万,0万,<0.1%,5,<0.1%,0.0,--
2024-06-29,新神榜：杨戬,,5.55亿,0万,<0.1%,2,<0.1%,0.0,--
2024-06-29,中国机长,,29.13亿,0万,<0.1%,1,<0.1%,0.0,--
2024-06-29,超级英雄美猴王：齐天儿,,523.1万,0万,<0.1%,2,<0.1%,0.0,--
2024-06-29,红色冲浪板,上映44天,147.9万,0万,<0.1%,2,<0.1%,0.0,--
2024-06-29,汪汪队立大功大电影2：超能大冒险,,1.38亿,0万,<0.1%,1,<0.1%,0.0,--
2024-06-29,熊出没·原始时代,,7.17亿,0万,<0.1%,1,<0.1%,0.0,--
2024-06-29,搞定岳父大人,,1748.9万,0万,<0.1%,1,<0.1%,0.0,--
2024-06-29,流浪地球2,,40.29亿,0万,<0.1%,1,<0.1%,0.0,--
2024-06-29,西瓜队,上映23天,4730,0万,<0.1%,1,<0.1%,0.0,--
2024-06-29,森巴幸福岛之我要回家,,36.5万,0万,<0.1%,1,<0.1%,0.0,--
2024-06-29,伞少女,,点映,0万,<0.1%,3,<0.1%,0.0,--
2024-06-29,没有颜色的关系,上映13天,6.0万,0万,<0.1%,2,<0.1%,0.0,--
2024-06-29,我们永远是我们,,3009,0万,<0.1%,1,<0.1%,0.0,--
2024-06-29,雄狮少年,,2.49亿,0万,<0.1%,1,<0.1%,0.0,--
2024-06-29,疯了！桂宝之三星夺宝,,1265.2万,0万,<0.1%,2,<0.1%,0.0,--
2024-06-29,草原大作战,,190.6万,0万,<0.1%,7,<0.1%,0.0,--
2024-06-29,龙神之子,,200.6万,0万,<0.1%,3,<0.1%,0.0,--
2024-06-29,雪域少年,,1059.6万,0万,<0.1%,1,<0.1%,0.0,--
2024-06-29,七十七天,,1.03亿,0万,<0.1%,1,<0.1%,0.0,--
2024-06-29,开心超人之时空营救,,2588.6万,0万,<0.1%,1,<0.1%,0.0,--
2024-06-29,青蛙王子历险记2,,401.1万,0万,<0.1%,1,<0.1%,0.0,--
2024-06-29,我和我的父辈,,14.77亿,0万,<0.1%,1,<0.1%,0.0,--
2024-06-29,烟火人间,,97.5万,0万,<0.1%,3,<0.1%,0.0,0.7%
2024-06-29,第二十条,,24.29亿,0万,<0.1%,1,<0.1%,0.0,--
2024-06-29,一片绿洲,上映15天,3.4万,0万,<0.1%,1,<0.1%,0.0,--
2024-06-29,妈妈和七天的时间,上映53天,28.7万,0万,<0.1%,1,<0.1%,0.0,--
2024-06-29,贝肯熊：火星任务,,8136.9万,0万,<0.1%,2,<0.1%,0.0,--
2024-06-29,消失的木偶,上映72天,288.3万,0万,<0.1%,1,<0.1%,0.0,--
2024-06-29,印痕,上映14天,3.9万,0万,<0.1%,2,<0.1%,0.0,--
2024-06-29,笨鸟大冒险,,636.2万,0万,<0.1%,8,<0.1%,0.0,--
2024-06-29,大旅行,,83.0万,0万,<0.1%,4,<0.1%,0.0,--
2024-06-29,疯狂丑小鸭,,2344.1万,0万,<0.1%,2,<0.1%,0.0,--
2024-06-29,红城往事,上映36天,5786,0万,<0.1%,2,<0.1%,0.0,--
2024-06-29,魔法鼠乐园,,422.9万,0万,<0.1%,5,<0.1%,0.0,--
2024-06-29,宇宙护卫队：风暴力量,,2013.2万,0万,<0.1%,3,<0.1%,0.0,--
2024-06-29,流浪地球：飞跃2020特别版,,425.2万,0万,<0.1%,2,<0.1%,0.0,--
2024-06-29,侏罗纪世界2,,16.95亿,0万,<0.1%,2,<0.1%,0.0,--
2024-06-29,泪光中的妈妈,上映50天,117.4万,0万,<0.1%,5,<0.1%,0.0,0.8%
2024-06-29,凯利和超级可乐,,56.2万,0万,<0.1%,1,<0.1%,0.0,--
2024-06-29,戏杀,,863.3万,0万,<0.1%,1,<0.1%,0.0,--
2024-06-29,棉花糖和云朵妈妈1宝贝芯计划,,1290.9万,0万,<0.1%,4,<0.1%,0.0,0.9%
2024-06-29,热辣滚烫,,34.17亿,0万,<0.1%,1,<0.1%,0.0,--
2024-06-29,王牌二哈,,311.4万,0万,<0.1%,7,<0.1%,0.0,--
2024-06-29,铃芽之旅,,8.07亿,0万,<0.1%,3,<0.1%,0.0,--
2024-06-29,百变马丁：怪兽大作战,,817.0万,0万,<0.1%,6,<0.1%,0.0,--
2024-06-29,欢乐丛林之外星人大冒险,,389.6万,0万,<0.1%,2,<0.1%,0.0,--
2024-06-29,疯狂小世界,,257.0万,0万,<0.1%,2,<0.1%,0.0,--
2024-06-29,无音之乐,上映29天,2.9万,0万,<0.1%,1,<0.1%,0.0,--
2024-06-30,云边有个小卖部,上映9天,3.59亿,3285.61万,26.8%,107703,24.7%,7.5,5.5%
2024-06-30,头脑特工队2,上映10天,1.73亿,2481.28万,20.2%,59328,13.6%,10.3,8.8%
2024-06-30,寂静之地：入侵日,上映3天,7169.0万,2180.45万,17.8%,75862,17.4%,7.2,5.5%
2024-06-30,海关战线,上映3天,7439.9万,2116.94万,17.3%,85280,19.6%,5.8,4.0%
2024-06-30,来福大酒店,上映3天,4327.3万,646.36万,5.2%,28151,6.4%,5.5,5.9%
2024-06-30,加菲猫家族,上映30天,1.75亿,289.45万,2.3%,12262,2.8%,6.5,6.6%
2024-06-30,排球少年!! 垃圾场决战,上映16天,1.17亿,252.26万,2.0%,16161,3.7%,4.0,3.9%
2024-06-30,我才不要和你做朋友呢,上映23天,1.99亿,203.70万,1.6%,11706,2.6%,4.3,4.6%
2024-06-30,绝地战警：生死与共,上映9天,3490.9万,93.46万,0.7%,6639,1.5%,3.4,3.5%
2024-06-30,谈判专家,上映23天,1.55亿,58.00万,0.4%,2851,0.6%,4.6,5.1%
2024-06-30,沙漏,上映10天,2754.4万,55.05万,0.4%,5372,1.2%,2.9,3.3%
2024-06-30,疯狂的麦克斯：狂暴女神,上映24天,5916.0万,50.92万,0.4%,1592,0.3%,7.3,6.5%
2024-06-30,扫黑·决不放弃,上映23天,1.90亿,43.26万,0.3%,4633,1.0%,2.4,3.0%
2024-06-30,哆啦A梦：大雄的地球交响乐,上映31天,1.30亿,38.92万,0.3%,2281,0.5%,4.7,5.0%
2024-06-30,走走停停,上映23天,1.02亿,36.77万,0.3%,2101,0.4%,4.2,5.1%
2024-06-30,机器人之梦,上映23天,996.6万,32.31万,0.2%,1003,0.2%,7.7,8.3%
2024-06-30,泳者之心,上映31天,565.8万,31.29万,0.2%,455,0.1%,15.5,15.4%
2024-06-30,白蛇：缘起,,4.69亿,29.36万,0.2%,1804,0.4%,4.4,4.4%
2024-06-30,再会长江,上映38天,824.5万,28.68万,0.2%,103,<0.1%,58.8,58.7%
2024-06-30,周立波回清溪,上映47天,843.2万,21.87万,0.1%,50,<0.1%,112.9,67.2%
2024-06-30,狗阵,上映16天,3219.6万,17.89万,0.1%,1256,0.2%,3.3,4.2%
2024-06-30,欢迎来到我身边,点映,14.9万,14.96万,0.1%,16,<0.1%,185.8,--
2024-06-30,九龙城寨之围城,重映61天,6.84亿,14.39万,0.1%,644,0.1%,5.1,6.2%
2024-06-30,功夫熊猫4,上映101天,3.73亿,12.06万,<0.1%,417,<0.1%,7.5,8.5%
2024-06-30,猪猪侠大电影·星际行动,上映61天,5474.4万,11.02万,<0.1%,856,0.1%,3.7,3.8%
2024-06-30,潜艇总动员：寻龙,上映30天,3222.3万,10.35万,<0.1%,531,0.1%,5.3,4.8%
2024-06-30,我要当老师,上映74天,1190.1万,8.89万,<0.1%,49,<0.1%,60.4,38.6%
2024-06-30,唤醒者,上映10天,158.5万,6.23万,<0.1%,205,<0.1%,9.1,3.7%
2024-06-30,朱同在三年级丢失了超能力,上映37天,1497.0万,5.32万,<0.1%,150,<0.1%,8.8,6.5%
2024-06-30,间谍过家家 代号：白,上映62天,2.92亿,4.43万,<0.1%,274,<0.1%,4.4,5.1%
2024-06-30,坂本龙一：杰作,上映31天,479.9万,4.12万,<0.1%,89,<0.1%,9.4,9.2%
2024-06-30,维和防暴队,上映61天,5.11亿,4.12万,<0.1%,70,<0.1%,12.7,12.7%
2024-06-30,哥斯拉大战金刚2：帝国崛起,上映94天,9.56亿,3.63万,<0.1%,186,<0.1%,5.1,5.1%
2024-06-30,哈尔的移动城堡,上映62天,1.67亿,3.46万,<0.1%,179,<0.1%,5.0,5.9%
2024-06-30,惊心妒怨,上映10天,68.7万,3.37万,<0.1%,733,0.1%,1.5,1.5%
2024-06-30,苍穹,展映,2406.6万,3.31万,<0.1%,5,<0.1%,165.8,--
2024-06-30,她的小梨涡,展映,18.3万,3.09万,<0.1%,363,<0.1%,2.1,2.3%
2024-06-30,永不消逝的电波（舞台纪录电影·舞剧）,上映13天,97.8万,2.96万,<0.1%,415,<0.1%,1.6,1.0%
2024-06-30,美国内战,上映24天,2320.8万,2.61万,<0.1%,187,<0.1%,3.0,4.2%
2024-06-30,富贵东西,上映47天,28.4万,2.45万,<0.1%,12,<0.1%,59.5,--
2024-06-30,爸爸是外星人,上映16天,498.8万,2.33万,<0.1%,334,<0.1%,2.0,1.1%
2024-06-30,你想活出怎样的人生,上映89天,7.91亿,2.26万,<0.1%,114,<0.1%,5.2,7.0%
2024-06-30,猩球崛起：新世界,上映52天,2.09亿,2.04万,<0.1%,178,<0.1%,3.0,3.1%
2024-06-30,爱在陇南,上映74天,63.3万,1.59万,<0.1%,29,<0.1%,14.9,--
2024-06-30,陌路惊魂,上映17天,122.5万,1.58万,<0.1%,417,<0.1%,1.2,1.2%
2024-06-30,八百矿工上井冈,,1089.3万,1.52万,<0.1%,7,<0.1%,70.0,53.5%
2024-06-30,寻秘自然：地球往事,点映,104.4万,1.51万,<0.1%,4,<0.1%,101.8,50.0%
2024-06-30,菊次郎的夏天,,907.8万,1.31万,<0.1%,2,<0.1%,121.0,73.3%
2024-06-30,同学们,上映9天,6.3万,1.26万,<0.1%,4,<0.1%,80.0,34.7%
2024-06-30,末路狂花钱,上映61天,7.81亿,1.05万,<0.1%,222,<0.1%,1.2,1.7%
2024-06-30,北极荒原,展映,82.9万,1.01万,<0.1%,1,<0.1%,236.0,74.1%
2024-06-30,日夜江河,上映24天,106.0万,1.00万,<0.1%,9,<0.1%,37.0,27.8%
2024-06-30,加拉帕戈斯：自然的仙境,展映,8.5万,0.91万,<0.1%,1,<0.1%,213.0,64.7%
2024-06-30,小园林,上映4天,3.4万,0.90万,<0.1%,29,<0.1%,10.0,6.9%
2024-06-30,传说,点映,4.8万,0.87万,<0.1%,2,<0.1%,146.5,--
2024-06-30,因你而动,,113.3万,0.86万,<0.1%,2,<0.1%,173.0,--
2024-06-30,康熙与路易十四,上映39天,156.4万,0.81万,<0.1%,8,<0.1%,33.0,26.4%
2024-06-30,江海儿女,上映3天,8.9万,0.75万,<0.1%,16,<0.1%,13.8,10.9%
2024-06-30,阿莫阿依,,1240.4万,0.74万,<0.1%,5,<0.1%,59.2,57.2%
2024-06-30,金腰带,,16.2万,0.72万,<0.1%,5,<0.1%,48.2,56.4%
2024-06-30,我没有失踪,上映2天,3.6万,0.62万,<0.1%,87,<0.1%,1.9,0.8%
2024-06-30,出发,零点场,38.1万,0.61万,<0.1%,3,<0.1%,75.7,--
2024-06-30,绝地重生,,1073.3万,0.55万,<0.1%,4,<0.1%,45.5,29.5%
2024-06-30,最后的，最初的,上映41天,148.1万,0.52万,<0.1%,5,<0.1%,33.0,56.5%
2024-06-30,宇宙探索编辑部,,6715.5万,0.51万,<0.1%,15,<0.1%,14.9,--
2024-06-30,今夜，就算这份爱恋从世界上消失,上映44天,1788.8万,0.51万,<0.1%,57,<0.1%,2.5,3.8%
2024-06-30,探寻外太空生命,展映,11.9万,0.49万,<0.1%,1,<0.1%,115.0,34.1%
2024-06-30,黄埔军人,,20.2万,0.41万,<0.1%,8,<0.1%,17.1,17.9%
2024-06-30,替身纸人2,上映44天,387.9万,0.41万,<0.1%,62,<0.1%,1.8,1.9%
2024-06-30,神秘友友,上映16天,205.1万,0.39万,<0.1%,83,<0.1%,1.1,1.2%
2024-06-30,超级的我,,1185.6万,0.37万,<0.1%,8,<0.1%,12.1,--
2024-06-30,谁持彩练当空舞,,595.2万,0.34万,<0.1%,4,<0.1%,27.3,15.3%
2024-06-30,父亲在远方,上映42天,14.0万,0.33万,<0.1%,7,<0.1%,8.6,--
2024-06-30,长征一家人,上映11天,5.7万,0.30万,<0.1%,3,<0.1%,34.0,0.6%
2024-06-30,我，就是风!,上映34天,509.8万,0.30万,<0.1%,35,<0.1%,3.1,3.1%
2024-06-30,堡垒,上映101天,232.1万,0.27万,<0.1%,2,<0.1%,55.0,--
2024-06-30,我们的七月,,134.7万,0.26万,<0.1%,3,<0.1%,29.0,--
2024-06-30,李夏·在路上,,78.5万,0.20万,<0.1%,5,<0.1%,18.0,--
2024-06-30,六号银像,上映38天,31.8万,0.19万,<0.1%,3,<0.1%,13.0,--
2024-06-30,你是我的英雄,上映42天,1093.4万,0.18万,<0.1%,79,<0.1%,0.8,0.5%
2024-06-30,有人赞美聪慧，有人则不,,13.1万,0.15万,<0.1%,1,<0.1%,48.0,37.6%
2024-06-30,来日皆方长,上映16天,26.7万,0.13万,<0.1%,42,<0.1%,1.1,1.1%
2024-06-30,小美人鱼之大海怪传说,,710.6万,0.12万,<0.1%,33,<0.1%,1.2,1.5%
2024-06-30,玩转门神,,25.8万,0.11万,<0.1%,1,<0.1%,55.0,67.9%
2024-06-30,印痕,上映15天,4.0万,0.10万,<0.1%,3,<0.1%,11.3,4.7%
2024-06-30,没有颜色的关系,上映14天,6.1万,0.09万,<0.1%,5,<0.1%,6.6,5.3%
2024-06-30,黑暗森林,上映10天,3.0万,0.09万,<0.1%,9,<0.1%,3.1,--
2024-06-30,乜代宗师,上映31天,80.0万,0.08万,<0.1%,4,<0.1%,4.5,3.7%
2024-06-30,泪光中的妈妈,上映51天,117.4万,0.07万,<0.1%,7,<0.1%,3.6,2.7%
2024-06-30,万里归途,,15.93亿,0.07万,<0.1%,5,<0.1%,6.0,--
2024-06-30,寂静之地,,2.20亿,0.07万,<0.1%,14,<0.1%,1.5,1.2%
2024-06-30,铃芽之旅,,8.07亿,0.06万,<0.1%,8,<0.1%,3.1,4.2%
2024-06-30,寂静之地2,,2.49亿,0.06万,<0.1%,13,<0.1%,1.5,1.2%
2024-06-30,汉文皇后（戏曲 越剧）,,75.6万,0.05万,<0.1%,2,<0.1%,9.5,7.9%
2024-06-30,魔幻奇缘之宝石公主,,810.7万,0.05万,<0.1%,14,<0.1%,1.6,1.7%
2024-06-30,彷徨之刃,上映45天,8964.5万,0.05万,<0.1%,27,<0.1%,0.5,0.7%
2024-06-30,蚂蚁传奇之烈火重生,上映2天,1888,0.04万,<0.1%,50,<0.1%,0.3,0.1%
2024-06-30,雪豹,上映89天,846.8万,0.04万,<0.1%,11,<0.1%,1.3,2.8%
2024-06-30,东北战场的抉择——七道江会议,展映,4.3万,0.04万,<0.1%,1,<0.1%,16.0,--
2024-06-30,流浪地球：飞跃2020特别版,,425.3万,0.03万,<0.1%,3,<0.1%,4.7,--
2024-06-30,头脑特工队,,9706.3万,0.02万,<0.1%,12,<0.1%,0.4,1.9%
2024-06-30,流浪地球,,46.87亿,0.02万,<0.1%,13,<0.1%,0.5,0.7%
2024-06-30,寻秘自然：无形之力,点映,53.1万,0.02万,<0.1%,1,<0.1%,5.0,4.0%
2024-06-30,潜艇总动员：地心游记,,2526.9万,0.01万,<0.1%,6,<0.1%,0.7,0.5%
2024-06-30,六谷儿,上映34天,2.1万,0.01万,<0.1%,3,<0.1%,1.7,--
2024-06-30,午夜怪谈,上映88天,321.5万,0.00万,<0.1%,6,<0.1%,0.5,0.5%
2024-06-30,穿过月亮的旅行,上映61天,4583.7万,0.00万,<0.1%,6,<0.1%,0.3,0.5%
2024-06-30,中国车手周冠宇,上映73天,102.5万,0.00万,<0.1%,1,<0.1%,2.0,1.2%
2024-06-30,小行星猎人,,237.1万,0.00万,<0.1%,1,<0.1%,2.0,2.9%
2024-06-30,悬崖下72小时,,30.0万,0.00万,<0.1%,1,<0.1%,2.0,--
2024-06-30,朝云暮雨,上映45天,1881.3万,0.00万,<0.1%,3,<0.1%,0.3,1.2%
2024-06-30,不能错过的只有你,,4688.8万,0.00万,<0.1%,3,<0.1%,0.3,--
2024-06-30,红色冲浪板,上映45天,147.9万,0.00万,<0.1%,2,<0.1%,0.5,0.4%
2024-06-30,古堡守灵人,,117.6万,0.00万,<0.1%,2,<0.1%,1.0,--
2024-06-30,熊出没·逆转时空,,19.84亿,0.00万,<0.1%,12,<0.1%,<0.1,0.6%
2024-06-30,三叉戟,上映38天,2896.3万,0.00万,<0.1%,1,<0.1%,1.0,0.2%
2024-06-30,奇异世界历险记,,502.1万,0.00万,<0.1%,22,<0.1%,10.7,--
2024-06-30,哪吒之决战龙神,,7.9万,0.00万,<0.1%,3,<0.1%,0.3,0.3%
2024-06-30,关于我和回忆、未来的那些事,上映9天,5281,0.00万,<0.1%,18,<0.1%,<0.1,--
2024-06-30,错过你的那些年,上映43天,5253.6万,0.00万,<0.1%,1,<0.1%,1.0,1.0%
2024-06-30,龙神之子,,200.6万,0.00万,<0.1%,14,<0.1%,17.1,--
2024-06-30,汪汪队立大功大电影2：超能大冒险,,1.38亿,0.00万,<0.1%,2,<0.1%,0.5,--
2024-06-30,藏地生死恋,上映23天,5845,0.00万,<0.1%,1,<0.1%,1.0,--
2024-06-30,我是哪吒,,1016.9万,0.00万,<0.1%,1,<0.1%,0.0,--
2024-06-30,再见土拨鼠,上映73天,568.4万,0万,<0.1%,1,<0.1%,0.0,--
2024-06-30,奇妙王国之魔法奇缘,,1002.5万,0万,<0.1%,3,<0.1%,0.0,--
2024-06-30,探探猫人鱼公主,,564.1万,0万,<0.1%,8,<0.1%,0.0,--
2024-06-30,潜艇总动员：环游地球80天,,5261.5万,0万,<0.1%,8,<0.1%,0.0,--
2024-06-30,钢铁飞龙之奥特曼崛起,,4465.4万,0万,<0.1%,2,<0.1%,0.0,--
2024-06-30,八佰,,31.10亿,0万,<0.1%,6,<0.1%,0.0,--
2024-06-30,巧虎奇幻舞台历险记,,648.4万,0万,<0.1%,2,<0.1%,0.0,--
2024-06-30,太阳升起的时刻,,1246.0万,0万,<0.1%,1,<0.1%,0.0,--
2024-06-30,你就在我身边,上映45天,305.9万,0万,<0.1%,3,<0.1%,0.0,--
2024-06-30,冰川时代5：星际碰撞,,4.46亿,0万,<0.1%,2,<0.1%,0.0,--
2024-06-30,永远是少年,,653.8万,0万,<0.1%,1,<0.1%,0.0,--
2024-06-30,江豚·风时舞,,770.3万,0万,<0.1%,2,<0.1%,0.0,--
2024-06-30,没有一顿火锅解决不了的事,上映61天,5441.7万,0万,<0.1%,1,<0.1%,0.0,--
2024-06-30,数码宝贝02：最初的召唤,上映72天,1326.6万,0万,<0.1%,1,<0.1%,0.0,--
2024-06-30,生命底色,,56.9万,0万,<0.1%,1,<0.1%,0.0,--
2024-06-30,长安三万里,,18.24亿,0万,<0.1%,2,<0.1%,0.0,--
2024-06-30,超级飞侠：乐迪加速,,7075.7万,0万,<0.1%,8,<0.1%,0.0,--
2024-06-30,新神榜：杨戬,,5.55亿,0万,<0.1%,2,<0.1%,0.0,--
2024-06-30,飞鸭向前冲,,1612.2万,0万,<0.1%,1,<0.1%,0.0,1.2%
2024-06-30,超级英雄美猴王：齐天儿,,523.1万,0万,<0.1%,2,<0.1%,0.0,--
2024-06-30,奥本海默,,4.52亿,0万,<0.1%,2,<0.1%,0.0,0.3%
2024-06-30,熊出没·原始时代,,7.17亿,0万,<0.1%,7,<0.1%,0.0,--
2024-06-30,毛泽东在才溪,,137.8万,0万,<0.1%,1,<0.1%,0.0,--
2024-06-30,西瓜队,上映24天,4730,0万,<0.1%,2,<0.1%,0.0,--
2024-06-30,森巴幸福岛之我要回家,,36.5万,0万,<0.1%,2,<0.1%,0.0,--
2024-06-30,银河宝贝,,107.4万,0万,<0.1%,1,<0.1%,0.0,--
2024-06-30,我的父亲焦裕禄,,3458.3万,0万,<0.1%,1,<0.1%,0.0,--
2024-06-30,七十七天,,1.03亿,0万,<0.1%,1,<0.1%,0.0,--
2024-06-30,我们是第一书记,,345.2万,0万,<0.1%,1,<0.1%,0.0,--
2024-06-30,开心超人之时空营救,,2588.6万,0万,<0.1%,1,<0.1%,0.0,--
2024-06-30,一片绿洲,上映16天,3.4万,0万,<0.1%,1,<0.1%,0.0,--
2024-06-30,贝肯熊：火星任务,,8136.9万,0万,<0.1%,2,<0.1%,0.0,--
2024-06-30,疯狂大营救,,90.6万,0万,<0.1%,1,<0.1%,0.0,--
2024-06-30,红城往事,上映37天,5786,0万,<0.1%,1,<0.1%,0.0,--
2024-06-30,大鱼海棠,,5.73亿,0万,<0.1%,1,<0.1%,0.0,--
2024-06-30,新灰姑娘2,,3161.4万,0万,<0.1%,1,<0.1%,0.0,--
2024-06-30,熊出没·伴我“熊芯”,,14.95亿,0万,<0.1%,1,<0.1%,0.0,--
2024-06-30,王牌二哈,,311.4万,0万,<0.1%,5,<0.1%,0.0,--
2024-06-30,热辣滚烫,,34.17亿,0万,<0.1%,1,<0.1%,0.0,--
2024-06-30,百变马丁：怪兽大作战,,817.0万,0万,<0.1%,3,<0.1%,0.0,--
2024-06-30,疯狂小世界,,257.0万,0万,<0.1%,12,<0.1%,0.0,--
2024-06-30,哥斯拉2：怪兽之王,,9.37亿,0万,<0.1%,2,<0.1%,0.0,--
2024-06-30,疯狂原始人2,,3.53亿,0万,<0.1%,1,<0.1%,0.0,--
2024-06-30,疯狂梦幻城,,521.6万,0万,<0.1%,3,<0.1%,0.0,--
2024-06-30,变形金刚：超能勇士崛起,,6.55亿,0万,<0.1%,1,<0.1%,0.0,--
2024-06-30,我是霸王龙,,3542.3万,0万,<0.1%,2,<0.1%,0.0,--
2024-06-30,青蛙王子历险记,,1121.0万,0万,<0.1%,1,<0.1%,0.0,--
2024-06-30,我们村里的年轻人,,1.1万,0万,<0.1%,1,<0.1%,0.0,--
2024-06-30,我是哪吒2之英雄归来,,1758.9万,0万,<0.1%,2,<0.1%,0.0,--
2024-06-30,中国机长,,29.13亿,0万,<0.1%,4,<0.1%,0.0,--
2024-06-30,天空之城,,1.35亿,0万,<0.1%,3,<0.1%,0.0,--
2024-06-30,脐带,,169.5万,0万,<0.1%,1,<0.1%,0.0,--
2024-06-30,冰雪女王5：融冰之战,上映88天,938.6万,0万,<0.1%,3,<0.1%,0.0,--
2024-06-30,草原大作战,,190.6万,0万,<0.1%,2,<0.1%,0.0,--
2024-06-30,雪域少年,,1059.6万,0万,<0.1%,1,<0.1%,0.0,--
2024-06-30,脑洞大开,,,0万,<0.1%,2,<0.1%,0.0,--
2024-06-30,你的名字。,,5.75亿,0万,<0.1%,1,<0.1%,0.0,--
2024-06-30,青蛙王子历险记2,,401.1万,0万,<0.1%,1,<0.1%,0.0,--
2024-06-30,消失的木偶,上映73天,288.3万,0万,<0.1%,2,<0.1%,0.0,0.8%
2024-06-30,笨鸟大冒险,,636.2万,0万,<0.1%,2,<0.1%,0.0,--
2024-06-30,疯狂丑小鸭,,2344.1万,0万,<0.1%,5,<0.1%,0.0,--
2024-06-30,乌蒙奇缘,,24.5万,0万,<0.1%,1,<0.1%,0.0,--
2024-06-30,魔法鼠乐园,,422.9万,0万,<0.1%,1,<0.1%,0.0,--
2024-06-30,咱们结婚吧,,2.84亿,0万,<0.1%,1,<0.1%,0.0,--
2024-06-30,宇宙护卫队：风暴力量,,2013.2万,0万,<0.1%,2,<0.1%,0.0,--
2024-06-30,侏罗纪世界2,,16.95亿,0万,<0.1%,4,<0.1%,0.0,--
2024-06-30,狙击手,,6.08亿,0万,<0.1%,4,<0.1%,0.0,2.7%
2024-06-30,金手指,,5.74亿,0万,<0.1%,1,<0.1%,0.0,--
2024-06-30,红猪,,2322.9万,0万,<0.1%,3,<0.1%,0.0,--
2024-06-30,凯利和超级可乐,,56.2万,0万,<0.1%,1,<0.1%,0.0,--
2024-06-30,棉花糖和云朵妈妈1宝贝芯计划,,1290.9万,0万,<0.1%,3,<0.1%,0.0,--
2024-06-30,我要读书,展映,76,0万,<0.1%,1,<0.1%,0.0,--
2024-06-30,无音之乐,上映30天,2.9万,0万,<0.1%,1,<0.1%,0.0,--
